loan_id,monthly_reporting_period,scenario,target,predicted_probability
100156916838,12018,Base,next_3m_delinquency_flag,0.0051668984092651
100156916838,22018,Base,next_3m_delinquency_flag,0.0051668984092651
100156916838,32018,Base,next_3m_delinquency_flag,0.0044611973134074
100743858187,12018,Base,next_3m_delinquency_flag,0.0022323532810446
100743858187,22018,Base,next_3m_delinquency_flag,0.0022323532810446
100743858187,32018,Base,next_3m_delinquency_flag,0.0022323532810446
100743858187,42018,Base,next_3m_delinquency_flag,0.0022323532810446
100743858187,52018,Base,next_3m_delinquency_flag,0.0022323532810446
100743858187,62018,Base,next_3m_delinquency_flag,0.0021810488678768
100743858187,72018,Base,next_3m_delinquency_flag,0.0021810488678768
100743858187,82018,Base,next_3m_delinquency_flag,0.0021810488678768
100743858187,92018,Base,next_3m_delinquency_flag,0.0021810488678768
100743858187,102018,Base,next_3m_delinquency_flag,0.0021810488678768
100743858187,112018,Base,next_3m_delinquency_flag,0.0021810488678768
100743858187,122018,Base,next_3m_delinquency_flag,0.0021704662131114
100743858187,12019,Base,next_3m_delinquency_flag,0.0021704662131114
100743858187,22019,Base,next_3m_delinquency_flag,0.0021704662131114
100743858187,32019,Base,next_3m_delinquency_flag,0.0021704662131114
100743858187,42019,Base,next_3m_delinquency_flag,0.0021704662131114
100743858187,52019,Base,next_3m_delinquency_flag,0.0021704662131114
100743858187,62019,Base,next_3m_delinquency_flag,0.0021704662131114
100743858187,72019,Base,next_3m_delinquency_flag,0.0021704662131114
100743858187,82019,Base,next_3m_delinquency_flag,0.0021704662131114
100743858187,92019,Base,next_3m_delinquency_flag,0.0021704662131114
100743858187,102019,Base,next_3m_delinquency_flag,0.0021704662131114
100743858187,112019,Base,next_3m_delinquency_flag,0.0021704662131114
100743858187,122019,Base,next_3m_delinquency_flag,0.0021704662131114
100743858187,12020,Base,next_3m_delinquency_flag,0.0021704662131114
100743858187,22020,Base,next_3m_delinquency_flag,0.0021704662131114
100743858187,32020,Base,next_3m_delinquency_flag,0.0021704662131114
100743858187,42020,Base,next_3m_delinquency_flag,0.0021704662131114
100743858187,52020,Base,next_3m_delinquency_flag,0.0021704662131114
100743858187,62020,Base,next_3m_delinquency_flag,0.0021704662131114
100743858187,72020,Base,next_3m_delinquency_flag,0.0021699607900406
100743858187,82020,Base,next_3m_delinquency_flag,0.0021699607900406
100743858187,92020,Base,next_3m_delinquency_flag,0.0021699607900406
100743858187,102020,Base,next_3m_delinquency_flag,0.0021699607900406
100743858187,112020,Base,next_3m_delinquency_flag,0.0021699607900406
100743858187,122020,Base,next_3m_delinquency_flag,0.0021699607900406
100743858187,12021,Base,next_3m_delinquency_flag,0.0021699607900406
100743858187,22021,Base,next_3m_delinquency_flag,0.0021699607900406
100743858187,32021,Base,next_3m_delinquency_flag,0.0021699607900406
100743858187,42021,Base,next_3m_delinquency_flag,0.0021699607900406
100743858187,52021,Base,next_3m_delinquency_flag,0.0021699607900406
100743858187,62021,Base,next_3m_delinquency_flag,0.0021699607900406
100743858187,72021,Base,next_3m_delinquency_flag,0.0021699607900406
100743858187,82021,Base,next_3m_delinquency_flag,0.0021699607900406
100743858187,92021,Base,next_3m_delinquency_flag,0.0021699607900406
100743858187,102021,Base,next_3m_delinquency_flag,0.0021699607900406
100743858187,112021,Base,next_3m_delinquency_flag,0.0021699607900406
100743858187,122021,Base,next_3m_delinquency_flag,0.0021699607900406
100743858187,12022,Base,next_3m_delinquency_flag,0.0021699607900406
100743858187,22022,Base,next_3m_delinquency_flag,0.0021699607900406
100743858187,32022,Base,next_3m_delinquency_flag,0.0021699607900406
100743858187,42022,Base,next_3m_delinquency_flag,0.0021699607900406
100743858187,52022,Base,next_3m_delinquency_flag,0.0021699607900406
100743858187,62022,Base,next_3m_delinquency_flag,0.0021699607900406
100743858187,72022,Base,next_3m_delinquency_flag,0.0021699607900406
100743858187,82022,Base,next_3m_delinquency_flag,0.0021699607900406
100743858187,92022,Base,next_3m_delinquency_flag,0.0021699607900406
100743858187,102022,Base,next_3m_delinquency_flag,0.0021699607900406
100743858187,112022,Base,next_3m_delinquency_flag,0.0012830866572214
100156916838,12018,Base,next_6m_delinquency_flag,0.0087328187830709
100156916838,22018,Base,next_6m_delinquency_flag,0.0087328187830709
100156916838,32018,Base,next_6m_delinquency_flag,0.0085776944920947
100743858187,12018,Base,next_6m_delinquency_flag,0.002423627165711
100743858187,22018,Base,next_6m_delinquency_flag,0.002423627165711
100743858187,32018,Base,next_6m_delinquency_flag,0.002423627165711
100743858187,42018,Base,next_6m_delinquency_flag,0.002423627165711
100743858187,52018,Base,next_6m_delinquency_flag,0.002423627165711
100743858187,62018,Base,next_6m_delinquency_flag,0.002423627165711
100743858187,72018,Base,next_6m_delinquency_flag,0.002423627165711
100743858187,82018,Base,next_6m_delinquency_flag,0.002423627165711
100743858187,92018,Base,next_6m_delinquency_flag,0.002423627165711
100743858187,102018,Base,next_6m_delinquency_flag,0.002423627165711
100743858187,112018,Base,next_6m_delinquency_flag,0.002423627165711
100743858187,122018,Base,next_6m_delinquency_flag,0.002423627165711
100743858187,12019,Base,next_6m_delinquency_flag,0.002423627165711
100743858187,22019,Base,next_6m_delinquency_flag,0.002423627165711
100743858187,32019,Base,next_6m_delinquency_flag,0.002423627165711
100743858187,42019,Base,next_6m_delinquency_flag,0.002325101349092
100743858187,52019,Base,next_6m_delinquency_flag,0.002325101349092
100743858187,62019,Base,next_6m_delinquency_flag,0.002325101349092
100743858187,72019,Base,next_6m_delinquency_flag,0.002325101349092
100743858187,82019,Base,next_6m_delinquency_flag,0.002325101349092
100743858187,92019,Base,next_6m_delinquency_flag,0.002325101349092
100743858187,102019,Base,next_6m_delinquency_flag,0.0023979781974062
100743858187,112019,Base,next_6m_delinquency_flag,0.0023979781974062
100743858187,122019,Base,next_6m_delinquency_flag,0.0023979781974062
100743858187,12020,Base,next_6m_delinquency_flag,0.0023979781974062
100743858187,22020,Base,next_6m_delinquency_flag,0.0023979781974062
100743858187,32020,Base,next_6m_delinquency_flag,0.0023979781974062
100743858187,42020,Base,next_6m_delinquency_flag,0.0023979781974062
100743858187,52020,Base,next_6m_delinquency_flag,0.0023797998818164
100743858187,62020,Base,next_6m_delinquency_flag,0.0023797998818164
100743858187,72020,Base,next_6m_delinquency_flag,0.0023797998818164
100743858187,82020,Base,next_6m_delinquency_flag,0.002334006553345
100743858187,92020,Base,next_6m_delinquency_flag,0.002334006553345
100743858187,102020,Base,next_6m_delinquency_flag,0.002334006553345
100743858187,112020,Base,next_6m_delinquency_flag,0.002334006553345
100743858187,122020,Base,next_6m_delinquency_flag,0.002334006553345
100743858187,12021,Base,next_6m_delinquency_flag,0.002334006553345
100743858187,22021,Base,next_6m_delinquency_flag,0.002334006553345
100743858187,32021,Base,next_6m_delinquency_flag,0.002334006553345
100743858187,42021,Base,next_6m_delinquency_flag,0.002334006553345
100743858187,52021,Base,next_6m_delinquency_flag,0.002334006553345
100743858187,62021,Base,next_6m_delinquency_flag,0.002334006553345
100743858187,72021,Base,next_6m_delinquency_flag,0.002334006553345
100743858187,82021,Base,next_6m_delinquency_flag,0.002334006553345
100743858187,92021,Base,next_6m_delinquency_flag,0.002334006553345
100743858187,102021,Base,next_6m_delinquency_flag,0.002334006553345
100743858187,112021,Base,next_6m_delinquency_flag,0.002334006553345
100743858187,122021,Base,next_6m_delinquency_flag,0.002334006553345
100743858187,12022,Base,next_6m_delinquency_flag,0.002334006553345
100743858187,22022,Base,next_6m_delinquency_flag,0.002334006553345
100743858187,32022,Base,next_6m_delinquency_flag,0.002334006553345
100743858187,42022,Base,next_6m_delinquency_flag,0.002334006553345
100743858187,52022,Base,next_6m_delinquency_flag,0.002334006553345
100743858187,62022,Base,next_6m_delinquency_flag,0.002334006553345
100743858187,72022,Base,next_6m_delinquency_flag,0.002334006553345
100743858187,82022,Base,next_6m_delinquency_flag,0.002334006553345
100743858187,92022,Base,next_6m_delinquency_flag,0.002334006553345
100743858187,102022,Base,next_6m_delinquency_flag,0.002334006553345
100743858187,112022,Base,next_6m_delinquency_flag,0.0017836719844345
100156916838,12018,Base,next_12m_default_flag,0.0006456900036516
100156916838,22018,Base,next_12m_default_flag,0.0006456900036516
100156916838,32018,Base,next_12m_default_flag,0.0006456900036516
100743858187,12018,Base,next_12m_default_flag,0.0006456900036516
100743858187,22018,Base,next_12m_default_flag,0.0006456900036516
100743858187,32018,Base,next_12m_default_flag,0.0006456900036516
100743858187,42018,Base,next_12m_default_flag,0.0006456900036516
100743858187,52018,Base,next_12m_default_flag,0.0006456900036516
100743858187,62018,Base,next_12m_default_flag,0.0006456900036516
100743858187,72018,Base,next_12m_default_flag,0.0006456900036516
100743858187,82018,Base,next_12m_default_flag,0.0006456900036516
100743858187,92018,Base,next_12m_default_flag,0.0006456900036516
100743858187,102018,Base,next_12m_default_flag,0.0006456900036516
100743858187,112018,Base,next_12m_default_flag,0.0006456900036516
100743858187,122018,Base,next_12m_default_flag,0.0006456900036516
100743858187,12019,Base,next_12m_default_flag,0.0006456900036516
100743858187,22019,Base,next_12m_default_flag,0.0006456900036516
100743858187,32019,Base,next_12m_default_flag,0.0006456900036516
100743858187,42019,Base,next_12m_default_flag,0.0006456900036516
100743858187,52019,Base,next_12m_default_flag,0.0006456900036516
100743858187,62019,Base,next_12m_default_flag,0.0006456900036516
100743858187,72019,Base,next_12m_default_flag,0.0006456900036516
100743858187,82019,Base,next_12m_default_flag,0.0006456900036516
100743858187,92019,Base,next_12m_default_flag,0.0006456900036516
100743858187,102019,Base,next_12m_default_flag,0.0006456900036516
100743858187,112019,Base,next_12m_default_flag,0.0006456900036516
100743858187,122019,Base,next_12m_default_flag,0.0006456900036516
100743858187,12020,Base,next_12m_default_flag,0.0006456900036516
100743858187,22020,Base,next_12m_default_flag,0.0006456900036516
100743858187,32020,Base,next_12m_default_flag,0.0006456900036516
100743858187,42020,Base,next_12m_default_flag,0.0006456900036516
100743858187,52020,Base,next_12m_default_flag,0.0006456900036516
100743858187,62020,Base,next_12m_default_flag,0.0006456900036516
100743858187,72020,Base,next_12m_default_flag,0.0006456900036516
100743858187,82020,Base,next_12m_default_flag,0.0006456900036516
100743858187,92020,Base,next_12m_default_flag,0.0006456900036516
100743858187,102020,Base,next_12m_default_flag,0.0006456900036516
100743858187,112020,Base,next_12m_default_flag,0.0006456900036516
100743858187,122020,Base,next_12m_default_flag,0.0006456900036516
100743858187,12021,Base,next_12m_default_flag,0.0006456900036516
100743858187,22021,Base,next_12m_default_flag,0.0006456900036516
100743858187,32021,Base,next_12m_default_flag,0.0006456900036516
100743858187,42021,Base,next_12m_default_flag,0.0006456900036516
100743858187,52021,Base,next_12m_default_flag,0.0006456900036516
100743858187,62021,Base,next_12m_default_flag,0.0006456900036516
100743858187,72021,Base,next_12m_default_flag,0.0006456900036516
100743858187,82021,Base,next_12m_default_flag,0.0006456900036516
100743858187,92021,Base,next_12m_default_flag,0.0006456900036516
100743858187,102021,Base,next_12m_default_flag,0.0006456900036516
100743858187,112021,Base,next_12m_default_flag,0.0006456900036516
100743858187,122021,Base,next_12m_default_flag,0.0006456900036516
100743858187,12022,Base,next_12m_default_flag,0.0006456900036516
100743858187,22022,Base,next_12m_default_flag,0.0006456900036516
100743858187,32022,Base,next_12m_default_flag,0.0006456900036516
100743858187,42022,Base,next_12m_default_flag,0.0006456900036516
100743858187,52022,Base,next_12m_default_flag,0.0006456900036516
100743858187,62022,Base,next_12m_default_flag,0.0006456900036516
100743858187,72022,Base,next_12m_default_flag,0.0006456900036516
100743858187,82022,Base,next_12m_default_flag,0.0006456900036516
100743858187,92022,Base,next_12m_default_flag,0.0006456900036516
100743858187,102022,Base,next_12m_default_flag,0.0006456900036516
100743858187,112022,Base,next_12m_default_flag,0.0006456900036516
100156916838,12018,Base,next_12m_prepayment_flag,0.2469064467522732
100156916838,22018,Base,next_12m_prepayment_flag,0.2469064467522732
100156916838,32018,Base,next_12m_prepayment_flag,0.509721700246843
100743858187,12018,Base,next_12m_prepayment_flag,0.131447204296779
100743858187,22018,Base,next_12m_prepayment_flag,0.131447204296779
100743858187,32018,Base,next_12m_prepayment_flag,0.131447204296779
100743858187,42018,Base,next_12m_prepayment_flag,0.1212399156178252
100743858187,52018,Base,next_12m_prepayment_flag,0.1212399156178252
100743858187,62018,Base,next_12m_prepayment_flag,0.1212399156178252
100743858187,72018,Base,next_12m_prepayment_flag,0.1163704374651952
100743858187,82018,Base,next_12m_prepayment_flag,0.1163704374651952
100743858187,92018,Base,next_12m_prepayment_flag,0.1163704374651952
100743858187,102018,Base,next_12m_prepayment_flag,0.0926199254988169
100743858187,112018,Base,next_12m_prepayment_flag,0.0926199254988169
100743858187,122018,Base,next_12m_prepayment_flag,0.0926199254988169
100743858187,12019,Base,next_12m_prepayment_flag,0.0926199254988169
100743858187,22019,Base,next_12m_prepayment_flag,0.0926199254988169
100743858187,32019,Base,next_12m_prepayment_flag,0.0926199254988169
100743858187,42019,Base,next_12m_prepayment_flag,0.0926199254988169
100743858187,52019,Base,next_12m_prepayment_flag,0.0933707763874799
100743858187,62019,Base,next_12m_prepayment_flag,0.0933707763874799
100743858187,72019,Base,next_12m_prepayment_flag,0.0933707763874799
100743858187,82019,Base,next_12m_prepayment_flag,0.0933707763874799
100743858187,92019,Base,next_12m_prepayment_flag,0.0933707763874799
100743858187,102019,Base,next_12m_prepayment_flag,0.0933707763874799
100743858187,112019,Base,next_12m_prepayment_flag,0.0933707763874799
100743858187,122019,Base,next_12m_prepayment_flag,0.0933707763874799
100743858187,12020,Base,next_12m_prepayment_flag,0.0933707763874799
100743858187,22020,Base,next_12m_prepayment_flag,0.0933707763874799
100743858187,32020,Base,next_12m_prepayment_flag,0.0933707763874799
100743858187,42020,Base,next_12m_prepayment_flag,0.0933707763874799
100743858187,52020,Base,next_12m_prepayment_flag,0.0933707763874799
100743858187,62020,Base,next_12m_prepayment_flag,0.0933707763874799
100743858187,72020,Base,next_12m_prepayment_flag,0.0933707763874799
100743858187,82020,Base,next_12m_prepayment_flag,0.0933707763874799
100743858187,92020,Base,next_12m_prepayment_flag,0.0933707763874799
100743858187,102020,Base,next_12m_prepayment_flag,0.0933707763874799
100743858187,112020,Base,next_12m_prepayment_flag,0.0933707763874799
100743858187,122020,Base,next_12m_prepayment_flag,0.0933707763874799
100743858187,12021,Base,next_12m_prepayment_flag,0.0933707763874799
100743858187,22021,Base,next_12m_prepayment_flag,0.0933707763874799
100743858187,32021,Base,next_12m_prepayment_flag,0.0933707763874799
100743858187,42021,Base,next_12m_prepayment_flag,0.0933707763874799
100743858187,52021,Base,next_12m_prepayment_flag,0.0930549124823678
100743858187,62021,Base,next_12m_prepayment_flag,0.0930549124823678
100743858187,72021,Base,next_12m_prepayment_flag,0.0930549124823678
100743858187,82021,Base,next_12m_prepayment_flag,0.0930549124823678
100743858187,92021,Base,next_12m_prepayment_flag,0.0930549124823678
100743858187,102021,Base,next_12m_prepayment_flag,0.1103041283005308
100743858187,112021,Base,next_12m_prepayment_flag,0.1103041283005308
100743858187,122021,Base,next_12m_prepayment_flag,0.1103041283005308
100743858187,12022,Base,next_12m_prepayment_flag,0.1103041283005308
100743858187,22022,Base,next_12m_prepayment_flag,0.1103041283005308
100743858187,32022,Base,next_12m_prepayment_flag,0.1103041283005308
100743858187,42022,Base,next_12m_prepayment_flag,0.1103041283005308
100743858187,52022,Base,next_12m_prepayment_flag,0.1103041283005308
100743858187,62022,Base,next_12m_prepayment_flag,0.1103041283005308
100743858187,72022,Base,next_12m_prepayment_flag,0.1103041283005308
100743858187,82022,Base,next_12m_prepayment_flag,0.1103041283005308
100743858187,92022,Base,next_12m_prepayment_flag,0.1103041283005308
100743858187,102022,Base,next_12m_prepayment_flag,0.1103041283005308
100743858187,112022,Base,next_12m_prepayment_flag,0.4481331680186075
100156916838,12018,Adverse-Credit,next_3m_delinquency_flag,0.008949330562394
100156916838,22018,Adverse-Credit,next_3m_delinquency_flag,0.008949330562394
100156916838,32018,Adverse-Credit,next_3m_delinquency_flag,0.0077270204094115
100743858187,12018,Adverse-Credit,next_3m_delinquency_flag,0.0038665493032123
100743858187,22018,Adverse-Credit,next_3m_delinquency_flag,0.0038665493032123
100743858187,32018,Adverse-Credit,next_3m_delinquency_flag,0.0038665493032123
100743858187,42018,Adverse-Credit,next_3m_delinquency_flag,0.0038665493032123
100743858187,52018,Adverse-Credit,next_3m_delinquency_flag,0.0038665493032123
100743858187,62018,Adverse-Credit,next_3m_delinquency_flag,0.0037776874529533
100743858187,72018,Adverse-Credit,next_3m_delinquency_flag,0.0037776874529533
100743858187,82018,Adverse-Credit,next_3m_delinquency_flag,0.0037776874529533
100743858187,92018,Adverse-Credit,next_3m_delinquency_flag,0.0037776874529533
100743858187,102018,Adverse-Credit,next_3m_delinquency_flag,0.0037776874529533
100743858187,112018,Adverse-Credit,next_3m_delinquency_flag,0.0037776874529533
100743858187,122018,Adverse-Credit,next_3m_delinquency_flag,0.0037593577572206
100743858187,12019,Adverse-Credit,next_3m_delinquency_flag,0.0037593577572206
100743858187,22019,Adverse-Credit,next_3m_delinquency_flag,0.0037593577572206
100743858187,32019,Adverse-Credit,next_3m_delinquency_flag,0.0037593577572206
100743858187,42019,Adverse-Credit,next_3m_delinquency_flag,0.0037593577572206
100743858187,52019,Adverse-Credit,next_3m_delinquency_flag,0.0037593577572206
100743858187,62019,Adverse-Credit,next_3m_delinquency_flag,0.0037593577572206
100743858187,72019,Adverse-Credit,next_3m_delinquency_flag,0.0037593577572206
100743858187,82019,Adverse-Credit,next_3m_delinquency_flag,0.0037593577572206
100743858187,92019,Adverse-Credit,next_3m_delinquency_flag,0.0037593577572206
100743858187,102019,Adverse-Credit,next_3m_delinquency_flag,0.0037593577572206
100743858187,112019,Adverse-Credit,next_3m_delinquency_flag,0.0037593577572206
100743858187,122019,Adverse-Credit,next_3m_delinquency_flag,0.0037593577572206
100743858187,12020,Adverse-Credit,next_3m_delinquency_flag,0.0037593577572206
100743858187,22020,Adverse-Credit,next_3m_delinquency_flag,0.0037593577572206
100743858187,32020,Adverse-Credit,next_3m_delinquency_flag,0.0037593577572206
100743858187,42020,Adverse-Credit,next_3m_delinquency_flag,0.0037593577572206
100743858187,52020,Adverse-Credit,next_3m_delinquency_flag,0.0037593577572206
100743858187,62020,Adverse-Credit,next_3m_delinquency_flag,0.0037593577572206
100743858187,72020,Adverse-Credit,next_3m_delinquency_flag,0.0037584823387827
100743858187,82020,Adverse-Credit,next_3m_delinquency_flag,0.0037584823387827
100743858187,92020,Adverse-Credit,next_3m_delinquency_flag,0.0037584823387827
100743858187,102020,Adverse-Credit,next_3m_delinquency_flag,0.0037584823387827
100743858187,112020,Adverse-Credit,next_3m_delinquency_flag,0.0037584823387827
100743858187,122020,Adverse-Credit,next_3m_delinquency_flag,0.0037584823387827
100743858187,12021,Adverse-Credit,next_3m_delinquency_flag,0.0037584823387827
100743858187,22021,Adverse-Credit,next_3m_delinquency_flag,0.0037584823387827
100743858187,32021,Adverse-Credit,next_3m_delinquency_flag,0.0037584823387827
100743858187,42021,Adverse-Credit,next_3m_delinquency_flag,0.0037584823387827
100743858187,52021,Adverse-Credit,next_3m_delinquency_flag,0.0037584823387827
100743858187,62021,Adverse-Credit,next_3m_delinquency_flag,0.0037584823387827
100743858187,72021,Adverse-Credit,next_3m_delinquency_flag,0.0037584823387827
100743858187,82021,Adverse-Credit,next_3m_delinquency_flag,0.0037584823387827
100743858187,92021,Adverse-Credit,next_3m_delinquency_flag,0.0037584823387827
100743858187,102021,Adverse-Credit,next_3m_delinquency_flag,0.0037584823387827
100743858187,112021,Adverse-Credit,next_3m_delinquency_flag,0.0037584823387827
100743858187,122021,Adverse-Credit,next_3m_delinquency_flag,0.0037584823387827
100743858187,12022,Adverse-Credit,next_3m_delinquency_flag,0.0037584823387827
100743858187,22022,Adverse-Credit,next_3m_delinquency_flag,0.0037584823387827
100743858187,32022,Adverse-Credit,next_3m_delinquency_flag,0.0037584823387827
100743858187,42022,Adverse-Credit,next_3m_delinquency_flag,0.0037584823387827
100743858187,52022,Adverse-Credit,next_3m_delinquency_flag,0.0037584823387827
100743858187,62022,Adverse-Credit,next_3m_delinquency_flag,0.0037584823387827
100743858187,72022,Adverse-Credit,next_3m_delinquency_flag,0.0037584823387827
100743858187,82022,Adverse-Credit,next_3m_delinquency_flag,0.0037584823387827
100743858187,92022,Adverse-Credit,next_3m_delinquency_flag,0.0037584823387827
100743858187,102022,Adverse-Credit,next_3m_delinquency_flag,0.0037584823387827
100743858187,112022,Adverse-Credit,next_3m_delinquency_flag,0.0022223712808212
100156916838,12018,Adverse-Credit,next_6m_delinquency_flag,0.0151256858255706
100156916838,22018,Adverse-Credit,next_6m_delinquency_flag,0.0151256858255706
100156916838,32018,Adverse-Credit,next_6m_delinquency_flag,0.0148570026721119
100743858187,12018,Adverse-Credit,next_6m_delinquency_flag,0.0041978453896157
100743858187,22018,Adverse-Credit,next_6m_delinquency_flag,0.0041978453896157
100743858187,32018,Adverse-Credit,next_6m_delinquency_flag,0.0041978453896157
100743858187,42018,Adverse-Credit,next_6m_delinquency_flag,0.0041978453896157
100743858187,52018,Adverse-Credit,next_6m_delinquency_flag,0.0041978453896157
100743858187,62018,Adverse-Credit,next_6m_delinquency_flag,0.0041978453896157
100743858187,72018,Adverse-Credit,next_6m_delinquency_flag,0.0041978453896157
100743858187,82018,Adverse-Credit,next_6m_delinquency_flag,0.0041978453896157
100743858187,92018,Adverse-Credit,next_6m_delinquency_flag,0.0041978453896157
100743858187,102018,Adverse-Credit,next_6m_delinquency_flag,0.0041978453896157
100743858187,112018,Adverse-Credit,next_6m_delinquency_flag,0.0041978453896157
100743858187,122018,Adverse-Credit,next_6m_delinquency_flag,0.0041978453896157
100743858187,12019,Adverse-Credit,next_6m_delinquency_flag,0.0041978453896157
100743858187,22019,Adverse-Credit,next_6m_delinquency_flag,0.0041978453896157
100743858187,32019,Adverse-Credit,next_6m_delinquency_flag,0.0041978453896157
100743858187,42019,Adverse-Credit,next_6m_delinquency_flag,0.0040271936693744
100743858187,52019,Adverse-Credit,next_6m_delinquency_flag,0.0040271936693744
100743858187,62019,Adverse-Credit,next_6m_delinquency_flag,0.0040271936693744
100743858187,72019,Adverse-Credit,next_6m_delinquency_flag,0.0040271936693744
100743858187,82019,Adverse-Credit,next_6m_delinquency_flag,0.0040271936693744
100743858187,92019,Adverse-Credit,next_6m_delinquency_flag,0.0040271936693744
100743858187,102019,Adverse-Credit,next_6m_delinquency_flag,0.00415342007335
100743858187,112019,Adverse-Credit,next_6m_delinquency_flag,0.00415342007335
100743858187,122019,Adverse-Credit,next_6m_delinquency_flag,0.00415342007335
100743858187,12020,Adverse-Credit,next_6m_delinquency_flag,0.00415342007335
100743858187,22020,Adverse-Credit,next_6m_delinquency_flag,0.00415342007335
100743858187,32020,Adverse-Credit,next_6m_delinquency_flag,0.00415342007335
100743858187,42020,Adverse-Credit,next_6m_delinquency_flag,0.00415342007335
100743858187,52020,Adverse-Credit,next_6m_delinquency_flag,0.0041219343071524
100743858187,62020,Adverse-Credit,next_6m_delinquency_flag,0.0041219343071524
100743858187,72020,Adverse-Credit,next_6m_delinquency_flag,0.0041219343071524
100743858187,82020,Adverse-Credit,next_6m_delinquency_flag,0.0040426179355923
100743858187,92020,Adverse-Credit,next_6m_delinquency_flag,0.0040426179355923
100743858187,102020,Adverse-Credit,next_6m_delinquency_flag,0.0040426179355923
100743858187,112020,Adverse-Credit,next_6m_delinquency_flag,0.0040426179355923
100743858187,122020,Adverse-Credit,next_6m_delinquency_flag,0.0040426179355923
100743858187,12021,Adverse-Credit,next_6m_delinquency_flag,0.0040426179355923
100743858187,22021,Adverse-Credit,next_6m_delinquency_flag,0.0040426179355923
100743858187,32021,Adverse-Credit,next_6m_delinquency_flag,0.0040426179355923
100743858187,42021,Adverse-Credit,next_6m_delinquency_flag,0.0040426179355923
100743858187,52021,Adverse-Credit,next_6m_delinquency_flag,0.0040426179355923
100743858187,62021,Adverse-Credit,next_6m_delinquency_flag,0.0040426179355923
100743858187,72021,Adverse-Credit,next_6m_delinquency_flag,0.0040426179355923
100743858187,82021,Adverse-Credit,next_6m_delinquency_flag,0.0040426179355923
100743858187,92021,Adverse-Credit,next_6m_delinquency_flag,0.0040426179355923
100743858187,102021,Adverse-Credit,next_6m_delinquency_flag,0.0040426179355923
100743858187,112021,Adverse-Credit,next_6m_delinquency_flag,0.0040426179355923
100743858187,122021,Adverse-Credit,next_6m_delinquency_flag,0.0040426179355923
100743858187,12022,Adverse-Credit,next_6m_delinquency_flag,0.0040426179355923
100743858187,22022,Adverse-Credit,next_6m_delinquency_flag,0.0040426179355923
100743858187,32022,Adverse-Credit,next_6m_delinquency_flag,0.0040426179355923
100743858187,42022,Adverse-Credit,next_6m_delinquency_flag,0.0040426179355923
100743858187,52022,Adverse-Credit,next_6m_delinquency_flag,0.0040426179355923
100743858187,62022,Adverse-Credit,next_6m_delinquency_flag,0.0040426179355923
100743858187,72022,Adverse-Credit,next_6m_delinquency_flag,0.0040426179355923
100743858187,82022,Adverse-Credit,next_6m_delinquency_flag,0.0040426179355923
100743858187,92022,Adverse-Credit,next_6m_delinquency_flag,0.0040426179355923
100743858187,102022,Adverse-Credit,next_6m_delinquency_flag,0.0040426179355923
100743858187,112022,Adverse-Credit,next_6m_delinquency_flag,0.0030894105010777
100156916838,12018,Adverse-Credit,next_12m_default_flag,0.001937070010955
100156916838,22018,Adverse-Credit,next_12m_default_flag,0.001937070010955
100156916838,32018,Adverse-Credit,next_12m_default_flag,0.001937070010955
100743858187,12018,Adverse-Credit,next_12m_default_flag,0.001937070010955
100743858187,22018,Adverse-Credit,next_12m_default_flag,0.001937070010955
100743858187,32018,Adverse-Credit,next_12m_default_flag,0.001937070010955
100743858187,42018,Adverse-Credit,next_12m_default_flag,0.001937070010955
100743858187,52018,Adverse-Credit,next_12m_default_flag,0.001937070010955
100743858187,62018,Adverse-Credit,next_12m_default_flag,0.001937070010955
100743858187,72018,Adverse-Credit,next_12m_default_flag,0.001937070010955
100743858187,82018,Adverse-Credit,next_12m_default_flag,0.001937070010955
100743858187,92018,Adverse-Credit,next_12m_default_flag,0.001937070010955
100743858187,102018,Adverse-Credit,next_12m_default_flag,0.001937070010955
100743858187,112018,Adverse-Credit,next_12m_default_flag,0.001937070010955
100743858187,122018,Adverse-Credit,next_12m_default_flag,0.001937070010955
100743858187,12019,Adverse-Credit,next_12m_default_flag,0.001937070010955
100743858187,22019,Adverse-Credit,next_12m_default_flag,0.001937070010955
100743858187,32019,Adverse-Credit,next_12m_default_flag,0.001937070010955
100743858187,42019,Adverse-Credit,next_12m_default_flag,0.001937070010955
100743858187,52019,Adverse-Credit,next_12m_default_flag,0.001937070010955
100743858187,62019,Adverse-Credit,next_12m_default_flag,0.001937070010955
100743858187,72019,Adverse-Credit,next_12m_default_flag,0.001937070010955
100743858187,82019,Adverse-Credit,next_12m_default_flag,0.001937070010955
100743858187,92019,Adverse-Credit,next_12m_default_flag,0.001937070010955
100743858187,102019,Adverse-Credit,next_12m_default_flag,0.001937070010955
100743858187,112019,Adverse-Credit,next_12m_default_flag,0.001937070010955
100743858187,122019,Adverse-Credit,next_12m_default_flag,0.001937070010955
100743858187,12020,Adverse-Credit,next_12m_default_flag,0.001937070010955
100743858187,22020,Adverse-Credit,next_12m_default_flag,0.001937070010955
100743858187,32020,Adverse-Credit,next_12m_default_flag,0.001937070010955
100743858187,42020,Adverse-Credit,next_12m_default_flag,0.001937070010955
100743858187,52020,Adverse-Credit,next_12m_default_flag,0.001937070010955
100743858187,62020,Adverse-Credit,next_12m_default_flag,0.001937070010955
100743858187,72020,Adverse-Credit,next_12m_default_flag,0.001937070010955
100743858187,82020,Adverse-Credit,next_12m_default_flag,0.001937070010955
100743858187,92020,Adverse-Credit,next_12m_default_flag,0.001937070010955
100743858187,102020,Adverse-Credit,next_12m_default_flag,0.001937070010955
100743858187,112020,Adverse-Credit,next_12m_default_flag,0.001937070010955
100743858187,122020,Adverse-Credit,next_12m_default_flag,0.001937070010955
100743858187,12021,Adverse-Credit,next_12m_default_flag,0.001937070010955
100743858187,22021,Adverse-Credit,next_12m_default_flag,0.001937070010955
100743858187,32021,Adverse-Credit,next_12m_default_flag,0.001937070010955
100743858187,42021,Adverse-Credit,next_12m_default_flag,0.001937070010955
100743858187,52021,Adverse-Credit,next_12m_default_flag,0.001937070010955
100743858187,62021,Adverse-Credit,next_12m_default_flag,0.001937070010955
100743858187,72021,Adverse-Credit,next_12m_default_flag,0.001937070010955
100743858187,82021,Adverse-Credit,next_12m_default_flag,0.001937070010955
100743858187,92021,Adverse-Credit,next_12m_default_flag,0.001937070010955
100743858187,102021,Adverse-Credit,next_12m_default_flag,0.001937070010955
100743858187,112021,Adverse-Credit,next_12m_default_flag,0.001937070010955
100743858187,122021,Adverse-Credit,next_12m_default_flag,0.001937070010955
100743858187,12022,Adverse-Credit,next_12m_default_flag,0.001937070010955
100743858187,22022,Adverse-Credit,next_12m_default_flag,0.001937070010955
100743858187,32022,Adverse-Credit,next_12m_default_flag,0.001937070010955
100743858187,42022,Adverse-Credit,next_12m_default_flag,0.001937070010955
100743858187,52022,Adverse-Credit,next_12m_default_flag,0.001937070010955
100743858187,62022,Adverse-Credit,next_12m_default_flag,0.001937070010955
100743858187,72022,Adverse-Credit,next_12m_default_flag,0.001937070010955
100743858187,82022,Adverse-Credit,next_12m_default_flag,0.001937070010955
100743858187,92022,Adverse-Credit,next_12m_default_flag,0.001937070010955
100743858187,102022,Adverse-Credit,next_12m_default_flag,0.001937070010955
100743858187,112022,Adverse-Credit,next_12m_default_flag,0.001937070010955
100156916838,12018,Adverse-Credit,next_12m_prepayment_flag,0.1234532233761366
100156916838,22018,Adverse-Credit,next_12m_prepayment_flag,0.1234532233761366
100156916838,32018,Adverse-Credit,next_12m_prepayment_flag,0.2548608501234215
100743858187,12018,Adverse-Credit,next_12m_prepayment_flag,0.0657236021483895
100743858187,22018,Adverse-Credit,next_12m_prepayment_flag,0.0657236021483895
100743858187,32018,Adverse-Credit,next_12m_prepayment_flag,0.0657236021483895
100743858187,42018,Adverse-Credit,next_12m_prepayment_flag,0.0606199578089126
100743858187,52018,Adverse-Credit,next_12m_prepayment_flag,0.0606199578089126
100743858187,62018,Adverse-Credit,next_12m_prepayment_flag,0.0606199578089126
100743858187,72018,Adverse-Credit,next_12m_prepayment_flag,0.0581852187325976
100743858187,82018,Adverse-Credit,next_12m_prepayment_flag,0.0581852187325976
100743858187,92018,Adverse-Credit,next_12m_prepayment_flag,0.0581852187325976
100743858187,102018,Adverse-Credit,next_12m_prepayment_flag,0.0463099627494084
100743858187,112018,Adverse-Credit,next_12m_prepayment_flag,0.0463099627494084
100743858187,122018,Adverse-Credit,next_12m_prepayment_flag,0.0463099627494084
100743858187,12019,Adverse-Credit,next_12m_prepayment_flag,0.0463099627494084
100743858187,22019,Adverse-Credit,next_12m_prepayment_flag,0.0463099627494084
100743858187,32019,Adverse-Credit,next_12m_prepayment_flag,0.0463099627494084
100743858187,42019,Adverse-Credit,next_12m_prepayment_flag,0.0463099627494084
100743858187,52019,Adverse-Credit,next_12m_prepayment_flag,0.0466853881937399
100743858187,62019,Adverse-Credit,next_12m_prepayment_flag,0.0466853881937399
100743858187,72019,Adverse-Credit,next_12m_prepayment_flag,0.0466853881937399
100743858187,82019,Adverse-Credit,next_12m_prepayment_flag,0.0466853881937399
100743858187,92019,Adverse-Credit,next_12m_prepayment_flag,0.0466853881937399
100743858187,102019,Adverse-Credit,next_12m_prepayment_flag,0.0466853881937399
100743858187,112019,Adverse-Credit,next_12m_prepayment_flag,0.0466853881937399
100743858187,122019,Adverse-Credit,next_12m_prepayment_flag,0.0466853881937399
100743858187,12020,Adverse-Credit,next_12m_prepayment_flag,0.0466853881937399
100743858187,22020,Adverse-Credit,next_12m_prepayment_flag,0.0466853881937399
100743858187,32020,Adverse-Credit,next_12m_prepayment_flag,0.0466853881937399
100743858187,42020,Adverse-Credit,next_12m_prepayment_flag,0.0466853881937399
100743858187,52020,Adverse-Credit,next_12m_prepayment_flag,0.0466853881937399
100743858187,62020,Adverse-Credit,next_12m_prepayment_flag,0.0466853881937399
100743858187,72020,Adverse-Credit,next_12m_prepayment_flag,0.0466853881937399
100743858187,82020,Adverse-Credit,next_12m_prepayment_flag,0.0466853881937399
100743858187,92020,Adverse-Credit,next_12m_prepayment_flag,0.0466853881937399
100743858187,102020,Adverse-Credit,next_12m_prepayment_flag,0.0466853881937399
100743858187,112020,Adverse-Credit,next_12m_prepayment_flag,0.0466853881937399
100743858187,122020,Adverse-Credit,next_12m_prepayment_flag,0.0466853881937399
100743858187,12021,Adverse-Credit,next_12m_prepayment_flag,0.0466853881937399
100743858187,22021,Adverse-Credit,next_12m_prepayment_flag,0.0466853881937399
100743858187,32021,Adverse-Credit,next_12m_prepayment_flag,0.0466853881937399
100743858187,42021,Adverse-Credit,next_12m_prepayment_flag,0.0466853881937399
100743858187,52021,Adverse-Credit,next_12m_prepayment_flag,0.0465274562411839
100743858187,62021,Adverse-Credit,next_12m_prepayment_flag,0.0465274562411839
100743858187,72021,Adverse-Credit,next_12m_prepayment_flag,0.0465274562411839
100743858187,82021,Adverse-Credit,next_12m_prepayment_flag,0.0465274562411839
100743858187,92021,Adverse-Credit,next_12m_prepayment_flag,0.0465274562411839
100743858187,102021,Adverse-Credit,next_12m_prepayment_flag,0.0551520641502654
100743858187,112021,Adverse-Credit,next_12m_prepayment_flag,0.0551520641502654
100743858187,122021,Adverse-Credit,next_12m_prepayment_flag,0.0551520641502654
100743858187,12022,Adverse-Credit,next_12m_prepayment_flag,0.0551520641502654
100743858187,22022,Adverse-Credit,next_12m_prepayment_flag,0.0551520641502654
100743858187,32022,Adverse-Credit,next_12m_prepayment_flag,0.0551520641502654
100743858187,42022,Adverse-Credit,next_12m_prepayment_flag,0.0551520641502654
100743858187,52022,Adverse-Credit,next_12m_prepayment_flag,0.0551520641502654
100743858187,62022,Adverse-Credit,next_12m_prepayment_flag,0.0551520641502654
100743858187,72022,Adverse-Credit,next_12m_prepayment_flag,0.0551520641502654
100743858187,82022,Adverse-Credit,next_12m_prepayment_flag,0.0551520641502654
100743858187,92022,Adverse-Credit,next_12m_prepayment_flag,0.0551520641502654
100743858187,102022,Adverse-Credit,next_12m_prepayment_flag,0.0551520641502654
100743858187,112022,Adverse-Credit,next_12m_prepayment_flag,0.2240665840093037
100156916838,12018,High-Prepayment,next_3m_delinquency_flag,0.0036535489028933
100156916838,22018,High-Prepayment,next_3m_delinquency_flag,0.0036535489028933
100156916838,32018,High-Prepayment,next_3m_delinquency_flag,0.0031545428725216
100743858187,12018,High-Prepayment,next_3m_delinquency_flag,0.0015785121430306
100743858187,22018,High-Prepayment,next_3m_delinquency_flag,0.0015785121430306
100743858187,32018,High-Prepayment,next_3m_delinquency_flag,0.0015785121430306
100743858187,42018,High-Prepayment,next_3m_delinquency_flag,0.0015785121430306
100743858187,52018,High-Prepayment,next_3m_delinquency_flag,0.0015785121430306
100743858187,62018,High-Prepayment,next_3m_delinquency_flag,0.0015422344445749
100743858187,72018,High-Prepayment,next_3m_delinquency_flag,0.0015422344445749
100743858187,82018,High-Prepayment,next_3m_delinquency_flag,0.0015422344445749
100743858187,92018,High-Prepayment,next_3m_delinquency_flag,0.0015422344445749
100743858187,102018,High-Prepayment,next_3m_delinquency_flag,0.0015422344445749
100743858187,112018,High-Prepayment,next_3m_delinquency_flag,0.0015422344445749
100743858187,122018,High-Prepayment,next_3m_delinquency_flag,0.0015347513776273
100743858187,12019,High-Prepayment,next_3m_delinquency_flag,0.0015347513776273
100743858187,22019,High-Prepayment,next_3m_delinquency_flag,0.0015347513776273
100743858187,32019,High-Prepayment,next_3m_delinquency_flag,0.0015347513776273
100743858187,42019,High-Prepayment,next_3m_delinquency_flag,0.0015347513776273
100743858187,52019,High-Prepayment,next_3m_delinquency_flag,0.0015347513776273
100743858187,62019,High-Prepayment,next_3m_delinquency_flag,0.0015347513776273
100743858187,72019,High-Prepayment,next_3m_delinquency_flag,0.0015347513776273
100743858187,82019,High-Prepayment,next_3m_delinquency_flag,0.0015347513776273
100743858187,92019,High-Prepayment,next_3m_delinquency_flag,0.0015347513776273
100743858187,102019,High-Prepayment,next_3m_delinquency_flag,0.0015347513776273
100743858187,112019,High-Prepayment,next_3m_delinquency_flag,0.0015347513776273
100743858187,122019,High-Prepayment,next_3m_delinquency_flag,0.0015347513776273
100743858187,12020,High-Prepayment,next_3m_delinquency_flag,0.0015347513776273
100743858187,22020,High-Prepayment,next_3m_delinquency_flag,0.0015347513776273
100743858187,32020,High-Prepayment,next_3m_delinquency_flag,0.0015347513776273
100743858187,42020,High-Prepayment,next_3m_delinquency_flag,0.0015347513776273
100743858187,52020,High-Prepayment,next_3m_delinquency_flag,0.0015347513776273
100743858187,62020,High-Prepayment,next_3m_delinquency_flag,0.0015347513776273
100743858187,72020,High-Prepayment,next_3m_delinquency_flag,0.0015343939895466
100743858187,82020,High-Prepayment,next_3m_delinquency_flag,0.0015343939895466
100743858187,92020,High-Prepayment,next_3m_delinquency_flag,0.0015343939895466
100743858187,102020,High-Prepayment,next_3m_delinquency_flag,0.0015343939895466
100743858187,112020,High-Prepayment,next_3m_delinquency_flag,0.0015343939895466
100743858187,122020,High-Prepayment,next_3m_delinquency_flag,0.0015343939895466
100743858187,12021,High-Prepayment,next_3m_delinquency_flag,0.0015343939895466
100743858187,22021,High-Prepayment,next_3m_delinquency_flag,0.0015343939895466
100743858187,32021,High-Prepayment,next_3m_delinquency_flag,0.0015343939895466
100743858187,42021,High-Prepayment,next_3m_delinquency_flag,0.0015343939895466
100743858187,52021,High-Prepayment,next_3m_delinquency_flag,0.0015343939895466
100743858187,62021,High-Prepayment,next_3m_delinquency_flag,0.0015343939895466
100743858187,72021,High-Prepayment,next_3m_delinquency_flag,0.0015343939895466
100743858187,82021,High-Prepayment,next_3m_delinquency_flag,0.0015343939895466
100743858187,92021,High-Prepayment,next_3m_delinquency_flag,0.0015343939895466
100743858187,102021,High-Prepayment,next_3m_delinquency_flag,0.0015343939895466
100743858187,112021,High-Prepayment,next_3m_delinquency_flag,0.0015343939895466
100743858187,122021,High-Prepayment,next_3m_delinquency_flag,0.0015343939895466
100743858187,12022,High-Prepayment,next_3m_delinquency_flag,0.0015343939895466
100743858187,22022,High-Prepayment,next_3m_delinquency_flag,0.0015343939895466
100743858187,32022,High-Prepayment,next_3m_delinquency_flag,0.0015343939895466
100743858187,42022,High-Prepayment,next_3m_delinquency_flag,0.0015343939895466
100743858187,52022,High-Prepayment,next_3m_delinquency_flag,0.0015343939895466
100743858187,62022,High-Prepayment,next_3m_delinquency_flag,0.0015343939895466
100743858187,72022,High-Prepayment,next_3m_delinquency_flag,0.0015343939895466
100743858187,82022,High-Prepayment,next_3m_delinquency_flag,0.0015343939895466
100743858187,92022,High-Prepayment,next_3m_delinquency_flag,0.0015343939895466
100743858187,102022,High-Prepayment,next_3m_delinquency_flag,0.0015343939895466
100743858187,112022,High-Prepayment,next_3m_delinquency_flag,0.0009072792761712
100156916838,12018,High-Prepayment,next_6m_delinquency_flag,0.0061750353803827
100156916838,22018,High-Prepayment,next_6m_delinquency_flag,0.0061750353803827
100156916838,32018,High-Prepayment,next_6m_delinquency_flag,0.0060653459423067
100743858187,12018,High-Prepayment,next_6m_delinquency_flag,0.0017137632039422
100743858187,22018,High-Prepayment,next_6m_delinquency_flag,0.0017137632039422
100743858187,32018,High-Prepayment,next_6m_delinquency_flag,0.0017137632039422
100743858187,42018,High-Prepayment,next_6m_delinquency_flag,0.0017137632039422
100743858187,52018,High-Prepayment,next_6m_delinquency_flag,0.0017137632039422
100743858187,62018,High-Prepayment,next_6m_delinquency_flag,0.0017137632039422
100743858187,72018,High-Prepayment,next_6m_delinquency_flag,0.0017137632039422
100743858187,82018,High-Prepayment,next_6m_delinquency_flag,0.0017137632039422
100743858187,92018,High-Prepayment,next_6m_delinquency_flag,0.0017137632039422
100743858187,102018,High-Prepayment,next_6m_delinquency_flag,0.0017137632039422
100743858187,112018,High-Prepayment,next_6m_delinquency_flag,0.0017137632039422
100743858187,122018,High-Prepayment,next_6m_delinquency_flag,0.0017137632039422
100743858187,12019,High-Prepayment,next_6m_delinquency_flag,0.0017137632039422
100743858187,22019,High-Prepayment,next_6m_delinquency_flag,0.0017137632039422
100743858187,32019,High-Prepayment,next_6m_delinquency_flag,0.0017137632039422
100743858187,42019,High-Prepayment,next_6m_delinquency_flag,0.001644094930889
100743858187,52019,High-Prepayment,next_6m_delinquency_flag,0.001644094930889
100743858187,62019,High-Prepayment,next_6m_delinquency_flag,0.001644094930889
100743858187,72019,High-Prepayment,next_6m_delinquency_flag,0.001644094930889
100743858187,82019,High-Prepayment,next_6m_delinquency_flag,0.001644094930889
100743858187,92019,High-Prepayment,next_6m_delinquency_flag,0.001644094930889
100743858187,102019,High-Prepayment,next_6m_delinquency_flag,0.0016956266445234
100743858187,112019,High-Prepayment,next_6m_delinquency_flag,0.0016956266445234
100743858187,122019,High-Prepayment,next_6m_delinquency_flag,0.0016956266445234
100743858187,12020,High-Prepayment,next_6m_delinquency_flag,0.0016956266445234
100743858187,22020,High-Prepayment,next_6m_delinquency_flag,0.0016956266445234
100743858187,32020,High-Prepayment,next_6m_delinquency_flag,0.0016956266445234
100743858187,42020,High-Prepayment,next_6m_delinquency_flag,0.0016956266445234
100743858187,52020,High-Prepayment,next_6m_delinquency_flag,0.0016827726342993
100743858187,62020,High-Prepayment,next_6m_delinquency_flag,0.0016827726342993
100743858187,72020,High-Prepayment,next_6m_delinquency_flag,0.0016827726342993
100743858187,82020,High-Prepayment,next_6m_delinquency_flag,0.0016503918612041
100743858187,92020,High-Prepayment,next_6m_delinquency_flag,0.0016503918612041
100743858187,102020,High-Prepayment,next_6m_delinquency_flag,0.0016503918612041
100743858187,112020,High-Prepayment,next_6m_delinquency_flag,0.0016503918612041
100743858187,122020,High-Prepayment,next_6m_delinquency_flag,0.0016503918612041
100743858187,12021,High-Prepayment,next_6m_delinquency_flag,0.0016503918612041
100743858187,22021,High-Prepayment,next_6m_delinquency_flag,0.0016503918612041
100743858187,32021,High-Prepayment,next_6m_delinquency_flag,0.0016503918612041
100743858187,42021,High-Prepayment,next_6m_delinquency_flag,0.0016503918612041
100743858187,52021,High-Prepayment,next_6m_delinquency_flag,0.0016503918612041
100743858187,62021,High-Prepayment,next_6m_delinquency_flag,0.0016503918612041
100743858187,72021,High-Prepayment,next_6m_delinquency_flag,0.0016503918612041
100743858187,82021,High-Prepayment,next_6m_delinquency_flag,0.0016503918612041
100743858187,92021,High-Prepayment,next_6m_delinquency_flag,0.0016503918612041
100743858187,102021,High-Prepayment,next_6m_delinquency_flag,0.0016503918612041
100743858187,112021,High-Prepayment,next_6m_delinquency_flag,0.0016503918612041
100743858187,122021,High-Prepayment,next_6m_delinquency_flag,0.0016503918612041
100743858187,12022,High-Prepayment,next_6m_delinquency_flag,0.0016503918612041
100743858187,22022,High-Prepayment,next_6m_delinquency_flag,0.0016503918612041
100743858187,32022,High-Prepayment,next_6m_delinquency_flag,0.0016503918612041
100743858187,42022,High-Prepayment,next_6m_delinquency_flag,0.0016503918612041
100743858187,52022,High-Prepayment,next_6m_delinquency_flag,0.0016503918612041
100743858187,62022,High-Prepayment,next_6m_delinquency_flag,0.0016503918612041
100743858187,72022,High-Prepayment,next_6m_delinquency_flag,0.0016503918612041
100743858187,82022,High-Prepayment,next_6m_delinquency_flag,0.0016503918612041
100743858187,92022,High-Prepayment,next_6m_delinquency_flag,0.0016503918612041
100743858187,102022,High-Prepayment,next_6m_delinquency_flag,0.0016503918612041
100743858187,112022,High-Prepayment,next_6m_delinquency_flag,0.0012612465556061
100156916838,12018,High-Prepayment,next_12m_default_flag,0.0003228450018258
100156916838,22018,High-Prepayment,next_12m_default_flag,0.0003228450018258
100156916838,32018,High-Prepayment,next_12m_default_flag,0.0003228450018258
100743858187,12018,High-Prepayment,next_12m_default_flag,0.0003228450018258
100743858187,22018,High-Prepayment,next_12m_default_flag,0.0003228450018258
100743858187,32018,High-Prepayment,next_12m_default_flag,0.0003228450018258
100743858187,42018,High-Prepayment,next_12m_default_flag,0.0003228450018258
100743858187,52018,High-Prepayment,next_12m_default_flag,0.0003228450018258
100743858187,62018,High-Prepayment,next_12m_default_flag,0.0003228450018258
100743858187,72018,High-Prepayment,next_12m_default_flag,0.0003228450018258
100743858187,82018,High-Prepayment,next_12m_default_flag,0.0003228450018258
100743858187,92018,High-Prepayment,next_12m_default_flag,0.0003228450018258
100743858187,102018,High-Prepayment,next_12m_default_flag,0.0003228450018258
100743858187,112018,High-Prepayment,next_12m_default_flag,0.0003228450018258
100743858187,122018,High-Prepayment,next_12m_default_flag,0.0003228450018258
100743858187,12019,High-Prepayment,next_12m_default_flag,0.0003228450018258
100743858187,22019,High-Prepayment,next_12m_default_flag,0.0003228450018258
100743858187,32019,High-Prepayment,next_12m_default_flag,0.0003228450018258
100743858187,42019,High-Prepayment,next_12m_default_flag,0.0003228450018258
100743858187,52019,High-Prepayment,next_12m_default_flag,0.0003228450018258
100743858187,62019,High-Prepayment,next_12m_default_flag,0.0003228450018258
100743858187,72019,High-Prepayment,next_12m_default_flag,0.0003228450018258
100743858187,82019,High-Prepayment,next_12m_default_flag,0.0003228450018258
100743858187,92019,High-Prepayment,next_12m_default_flag,0.0003228450018258
100743858187,102019,High-Prepayment,next_12m_default_flag,0.0003228450018258
100743858187,112019,High-Prepayment,next_12m_default_flag,0.0003228450018258
100743858187,122019,High-Prepayment,next_12m_default_flag,0.0003228450018258
100743858187,12020,High-Prepayment,next_12m_default_flag,0.0003228450018258
100743858187,22020,High-Prepayment,next_12m_default_flag,0.0003228450018258
100743858187,32020,High-Prepayment,next_12m_default_flag,0.0003228450018258
100743858187,42020,High-Prepayment,next_12m_default_flag,0.0003228450018258
100743858187,52020,High-Prepayment,next_12m_default_flag,0.0003228450018258
100743858187,62020,High-Prepayment,next_12m_default_flag,0.0003228450018258
100743858187,72020,High-Prepayment,next_12m_default_flag,0.0003228450018258
100743858187,82020,High-Prepayment,next_12m_default_flag,0.0003228450018258
100743858187,92020,High-Prepayment,next_12m_default_flag,0.0003228450018258
100743858187,102020,High-Prepayment,next_12m_default_flag,0.0003228450018258
100743858187,112020,High-Prepayment,next_12m_default_flag,0.0003228450018258
100743858187,122020,High-Prepayment,next_12m_default_flag,0.0003228450018258
100743858187,12021,High-Prepayment,next_12m_default_flag,0.0003228450018258
100743858187,22021,High-Prepayment,next_12m_default_flag,0.0003228450018258
100743858187,32021,High-Prepayment,next_12m_default_flag,0.0003228450018258
100743858187,42021,High-Prepayment,next_12m_default_flag,0.0003228450018258
100743858187,52021,High-Prepayment,next_12m_default_flag,0.0003228450018258
100743858187,62021,High-Prepayment,next_12m_default_flag,0.0003228450018258
100743858187,72021,High-Prepayment,next_12m_default_flag,0.0003228450018258
100743858187,82021,High-Prepayment,next_12m_default_flag,0.0003228450018258
100743858187,92021,High-Prepayment,next_12m_default_flag,0.0003228450018258
100743858187,102021,High-Prepayment,next_12m_default_flag,0.0003228450018258
100743858187,112021,High-Prepayment,next_12m_default_flag,0.0003228450018258
100743858187,122021,High-Prepayment,next_12m_default_flag,0.0003228450018258
100743858187,12022,High-Prepayment,next_12m_default_flag,0.0003228450018258
100743858187,22022,High-Prepayment,next_12m_default_flag,0.0003228450018258
100743858187,32022,High-Prepayment,next_12m_default_flag,0.0003228450018258
100743858187,42022,High-Prepayment,next_12m_default_flag,0.0003228450018258
100743858187,52022,High-Prepayment,next_12m_default_flag,0.0003228450018258
100743858187,62022,High-Prepayment,next_12m_default_flag,0.0003228450018258
100743858187,72022,High-Prepayment,next_12m_default_flag,0.0003228450018258
100743858187,82022,High-Prepayment,next_12m_default_flag,0.0003228450018258
100743858187,92022,High-Prepayment,next_12m_default_flag,0.0003228450018258
100743858187,102022,High-Prepayment,next_12m_default_flag,0.0003228450018258
100743858187,112022,High-Prepayment,next_12m_default_flag,0.0003228450018258
100156916838,12018,High-Prepayment,next_12m_prepayment_flag,0.6172661168806832
100156916838,22018,High-Prepayment,next_12m_prepayment_flag,0.6172661168806832
100156916838,32018,High-Prepayment,next_12m_prepayment_flag,1.0
100743858187,12018,High-Prepayment,next_12m_prepayment_flag,0.3286180107419475
100743858187,22018,High-Prepayment,next_12m_prepayment_flag,0.3286180107419475
100743858187,32018,High-Prepayment,next_12m_prepayment_flag,0.3286180107419475
100743858187,42018,High-Prepayment,next_12m_prepayment_flag,0.3030997890445631
100743858187,52018,High-Prepayment,next_12m_prepayment_flag,0.3030997890445631
100743858187,62018,High-Prepayment,next_12m_prepayment_flag,0.3030997890445631
100743858187,72018,High-Prepayment,next_12m_prepayment_flag,0.290926093662988
100743858187,82018,High-Prepayment,next_12m_prepayment_flag,0.290926093662988
100743858187,92018,High-Prepayment,next_12m_prepayment_flag,0.290926093662988
100743858187,102018,High-Prepayment,next_12m_prepayment_flag,0.2315498137470423
100743858187,112018,High-Prepayment,next_12m_prepayment_flag,0.2315498137470423
100743858187,122018,High-Prepayment,next_12m_prepayment_flag,0.2315498137470423
100743858187,12019,High-Prepayment,next_12m_prepayment_flag,0.2315498137470423
100743858187,22019,High-Prepayment,next_12m_prepayment_flag,0.2315498137470423
100743858187,32019,High-Prepayment,next_12m_prepayment_flag,0.2315498137470423
100743858187,42019,High-Prepayment,next_12m_prepayment_flag,0.2315498137470423
100743858187,52019,High-Prepayment,next_12m_prepayment_flag,0.2334269409686998
100743858187,62019,High-Prepayment,next_12m_prepayment_flag,0.2334269409686998
100743858187,72019,High-Prepayment,next_12m_prepayment_flag,0.2334269409686998
100743858187,82019,High-Prepayment,next_12m_prepayment_flag,0.2334269409686998
100743858187,92019,High-Prepayment,next_12m_prepayment_flag,0.2334269409686998
100743858187,102019,High-Prepayment,next_12m_prepayment_flag,0.2334269409686998
100743858187,112019,High-Prepayment,next_12m_prepayment_flag,0.2334269409686998
100743858187,122019,High-Prepayment,next_12m_prepayment_flag,0.2334269409686998
100743858187,12020,High-Prepayment,next_12m_prepayment_flag,0.2334269409686998
100743858187,22020,High-Prepayment,next_12m_prepayment_flag,0.2334269409686998
100743858187,32020,High-Prepayment,next_12m_prepayment_flag,0.2334269409686998
100743858187,42020,High-Prepayment,next_12m_prepayment_flag,0.2334269409686998
100743858187,52020,High-Prepayment,next_12m_prepayment_flag,0.2334269409686998
100743858187,62020,High-Prepayment,next_12m_prepayment_flag,0.2334269409686998
100743858187,72020,High-Prepayment,next_12m_prepayment_flag,0.2334269409686998
100743858187,82020,High-Prepayment,next_12m_prepayment_flag,0.2334269409686998
100743858187,92020,High-Prepayment,next_12m_prepayment_flag,0.2334269409686998
100743858187,102020,High-Prepayment,next_12m_prepayment_flag,0.2334269409686998
100743858187,112020,High-Prepayment,next_12m_prepayment_flag,0.2334269409686998
100743858187,122020,High-Prepayment,next_12m_prepayment_flag,0.2334269409686998
100743858187,12021,High-Prepayment,next_12m_prepayment_flag,0.2334269409686998
100743858187,22021,High-Prepayment,next_12m_prepayment_flag,0.2334269409686998
100743858187,32021,High-Prepayment,next_12m_prepayment_flag,0.2334269409686998
100743858187,42021,High-Prepayment,next_12m_prepayment_flag,0.2334269409686998
100743858187,52021,High-Prepayment,next_12m_prepayment_flag,0.2326372812059196
100743858187,62021,High-Prepayment,next_12m_prepayment_flag,0.2326372812059196
100743858187,72021,High-Prepayment,next_12m_prepayment_flag,0.2326372812059196
100743858187,82021,High-Prepayment,next_12m_prepayment_flag,0.2326372812059196
100743858187,92021,High-Prepayment,next_12m_prepayment_flag,0.2326372812059196
100743858187,102021,High-Prepayment,next_12m_prepayment_flag,0.2757603207513271
100743858187,112021,High-Prepayment,next_12m_prepayment_flag,0.2757603207513271
100743858187,122021,High-Prepayment,next_12m_prepayment_flag,0.2757603207513271
100743858187,12022,High-Prepayment,next_12m_prepayment_flag,0.2757603207513271
100743858187,22022,High-Prepayment,next_12m_prepayment_flag,0.2757603207513271
100743858187,32022,High-Prepayment,next_12m_prepayment_flag,0.2757603207513271
100743858187,42022,High-Prepayment,next_12m_prepayment_flag,0.2757603207513271
100743858187,52022,High-Prepayment,next_12m_prepayment_flag,0.2757603207513271
100743858187,62022,High-Prepayment,next_12m_prepayment_flag,0.2757603207513271
100743858187,72022,High-Prepayment,next_12m_prepayment_flag,0.2757603207513271
100743858187,82022,High-Prepayment,next_12m_prepayment_flag,0.2757603207513271
100743858187,92022,High-Prepayment,next_12m_prepayment_flag,0.2757603207513271
100743858187,102022,High-Prepayment,next_12m_prepayment_flag,0.2757603207513271
100743858187,112022,High-Prepayment,next_12m_prepayment_flag,1.0
